filename,marker,mpp_um_per_px,magnification_tier,counterstain_grade,counterstain_fraction,reportable,note
001.png,ER,0.2609,high,absent,3e-05,False,
0010.png,ER,0.625,usable,marginal,0.0138,True,
002.png,ER,0.5714,high,absent,2e-05,False,
003.png,ER,0.531,high,absent,5e-05,False,
004.png,ER,0.5085,high,absent,0.00015,False,
005.png,ER,0.4808,high,absent,6e-05,False,
006.png,ER,2.2472,marginal,absent,0.00687,False,
007.png,ER,0.3788,high,marginal,0.02115,True,
008.png,ER,0.6897,usable,absent,0.00685,False,
009.png,ER,0.4274,high,marginal,0.01425,True,
011.png,ER,0.3817,high,absent,0.00646,False,
012.png,ER,1.0989,usable,absent,0.00818,False,
013.png,ER,0.367,high,marginal,0.0286,True,
014.png,ER,0.8403,usable,marginal,0.02959,True,
015.png,ER,0.8333,usable,marginal,0.02774,True,
016.png,ER,0.614,usable,absent,0.00053,False,
017.png,ER,0.219,high,absent,0.00362,False,
018.png,ER,0.2609,high,absent,0.00193,False,
019.png,ER,0.4587,high,absent,0.00391,False,
020.png,ER,0.4425,high,absent,0.00424,False,
021.png,ER,0.6612,usable,absent,0.00343,False,
022.png,ER,1.0753,usable,absent,0.00056,False,
023.png,ER,1.3333,marginal,absent,0.0004,False,
024.png,ER,0.2941,high,absent,0.00223,False,
025.png,ER,0.75,usable,absent,0.00017,False,
026.png,ER,0.6897,usable,absent,0.00017,False,
027.png,ER,0.283,high,absent,0.00244,False,
028.png,ER,,unknown,absent,0.00193,False,scale bar label unreadable; mpp withheld
029.png,ER,,unknown,absent,0.00136,False,scale bar label unreadable; mpp withheld
030.png,ER,0.3774,high,absent,0.00142,False,
032.png,ER,0.303,high,absent,0.00168,False,
033.png,ER,0.3419,high,absent,0.0012,False,
034.png,ER,0.3876,high,absent,0.00049,False,
035.png,ER,0.2778,high,absent,0.001,False,
036.png,ER,0.3896,high,absent,0.00054,False,
2.png,ER,0.3061,high,absent,3e-05,False,
31.png,ER,0.2083,high,absent,0.00158,False,
_20250227150420_viewcapture1.png,ER,0.2222,high,marginal,0.01324,True,
_20250227150420_viewcapture10.png,ER,0.3,high,marginal,0.01327,True,
_20250227150420_viewcapture11.png,ER,0.2609,high,absent,0.0035,False,
_20250227150420_viewcapture2.png,ER,0.2521,high,absent,0.00407,False,
_20250227150420_viewcapture3.png,ER,0.2609,high,absent,0.00349,False,
_20250227150420_viewcapture4.png,ER,0.2609,high,absent,0.0056,False,
_20250227150420_viewcapture5.png,ER,0.2206,high,marginal,0.01273,True,
_20250227150420_viewcapture6.png,ER,0.2439,high,absent,0.0028,False,
_20250227150420_viewcapture8.png,ER,0.3704,high,absent,0.00337,False,
_20250227150420_viewcapture9.png,ER,0.2609,high,absent,0.00389,False,
_20250227153800_viewcapture.png,ER,0.5172,high,absent,0.0008,False,
_20250227153800_viewcapture01.png,ER,0.3478,high,absent,0.00348,False,
_20250227153800_viewcapture02.png,ER,0.2083,high,absent,0.00585,False,
_20250227153800_viewcapture03.png,ER,0.2548,high,absent,0.00369,False,
_20250227153800_viewcapture04.png,ER,0.2609,high,absent,0.00505,False,
_20250227153800_viewcapture05.png,ER,0.2521,high,absent,0.00416,False,
_20250227153800_viewcapture06.png,ER,0.2609,high,absent,0.00264,False,
_20250227153800_viewcapture1.png,ER,0.5172,high,absent,0.00081,False,
_20250227153800_viewcapture111.png,ER,0.303,high,absent,0.00069,False,
_20250227153800_viewcapture12.png,ER,,unknown,absent,0.001,False,scale bar label unreadable; mpp withheld
_20250227153800_viewcapture2.png,ER,0.2609,high,absent,0.00107,False,
_20250227153800_viewcapture3.png,ER,0.2609,high,absent,0.00107,False,
_20250227153800_viewcapture4.png,ER,0.3306,high,absent,0.00489,False,
_20250227153800_viewcapture5.png,ER,0.2542,high,absent,0.00345,False,
_20250227153800_viewcapture6.png,ER,0.2632,high,absent,0.00431,False,
_20250227153800_viewcapture7.png,ER,0.2632,high,absent,0.00416,False,
_20250227153800_viewcapture71.png,ER,0.6612,usable,absent,0.00106,False,
_20250227153800_viewcapture8.png,ER,0.2632,high,absent,0.00676,False,
_20250227175405_viewcapture49.png,HER2,0.708,usable,absent,0.00024,False,
_20250227175405_viewcapture50.png,HER2,0.381,high,absent,0.00102,False,
_20250227175405_viewcapture51.png,HER2,0.2609,high,absent,0.0033,False,
_20250227175418_viewcapture39.png,HER2,0.5085,high,absent,0.00273,False,
_20250227175418_viewcapture40.png,HER2,0.4511,high,absent,0.00075,False,
_20250227175418_viewcapture41.png,HER2,0.5303,high,absent,0.00057,False,
_20250227175418_viewcapture42.png,HER2,0.4348,high,absent,0.00284,False,
_20250227175418_viewcapture43.png,HER2,0.4918,high,absent,0.00291,False,
_20250227175418_viewcapture44.png,HER2,0.4444,high,absent,0.00262,False,
_20250227175418_viewcapture45.png,HER2,0.4839,high,absent,0.00313,False,
_20250227175418_viewcapture46.png,HER2,0.4959,high,absent,0.00266,False,
_20250227175418_viewcapture47.png,HER2,0.5303,high,absent,0.00049,False,
_20250227175418_viewcapture48.png,HER2,0.404,high,absent,0.00297,False,
_20250227175431_viewcapture36.png,HER2,2.4793,marginal,absent,0.0,False,
_20250227175431_viewcapture37.png,HER2,0.5172,high,absent,0.00224,False,
_20250227175431_viewcapture38.png,HER2,0.5172,high,absent,0.00434,False,
_20250227175444_viewcapture33.png,HER2,4.9587,overview,absent,0.0,False,
_20250227175444_viewcapture34.png,HER2,0.5405,high,absent,0.00018,False,
_20250227175444_viewcapture35.png,HER2,0.4545,high,absent,0.00324,False,
_20250227175444_viewcapture36.png,HER2,0.381,high,absent,0.00105,False,
_20250227175509_viewcapture31.png,HER2,0.4082,high,adequate,0.21882,True,
_20250227175509_viewcapture32.png,HER2,0.2609,high,adequate,0.20005,True,
_20250227182433_viewcapture25.png,HER2,0.6195,usable,absent,0.0001,False,
_20250227182433_viewcapture26.png,HER2,0.2804,high,absent,0.00053,False,
_20250227182433_viewcapture27.png,HER2,0.2941,high,absent,0.00051,False,
_20250227182433_viewcapture28.png,HER2,0.2941,high,absent,0.00053,False,
_20250227182433_viewcapture29.png,HER2,0.3,high,absent,0.00098,False,
_20250227182433_viewcapture30.png,HER2,0.4348,high,absent,0.00082,False,
_20250227182446_viewcapture19.png,HER2,0.6667,usable,absent,0.00019,False,
_20250227182446_viewcapture20.png,HER2,0.3008,high,absent,0.00149,False,
_20250227182446_viewcapture21.png,HER2,0.4,high,absent,0.00091,False,
_20250227182446_viewcapture22.png,HER2,0.297,high,absent,0.00081,False,
_20250227182446_viewcapture23.png,HER2,0.2804,high,absent,0.0009,False,
_20250227182446_viewcapture24.png,HER2,0.2609,high,absent,0.00101,False,
_20250227182446_viewcapture25.png,HER2,0.2759,high,absent,0.00215,False,
_20250227182511_viewcapture16.png,HER2,0.8264,usable,absent,5e-05,False,
_20250227182511_viewcapture17.png,HER2,0.3175,high,absent,0.00448,False,
_20250227182511_viewcapture18.png,HER2,0.3597,high,absent,0.00553,False,
_20250227182524_viewcapture13.png,HER2,0.8264,usable,absent,0.0,False,
_20250227182524_viewcapture14.png,HER2,0.6087,usable,absent,9e-05,False,
_20250227182524_viewcapture15.png,HER2,0.4202,high,absent,0.0003,False,
_20250227182524_viewcapture16.png,HER2,0.4505,high,absent,0.00104,False,
_20250227182536_viewcapture1.png,HER2,0.4386,high,absent,0.00165,False,
_20250227182536_viewcapture10.png,HER2,0.8621,usable,absent,0.0005,False,
_20250227182536_viewcapture12.png,HER2,0.2521,high,absent,0.00214,False,
_20250227182536_viewcapture2.png,HER2,0.2609,high,absent,0.00191,False,
_20250227182536_viewcapture3.png,HER2,0.4511,high,absent,0.00272,False,
_20250227182536_viewcapture4.png,HER2,0.2941,high,absent,0.00434,False,
_20250227182536_viewcapture5.png,HER2,0.2857,high,absent,0.00415,False,
_20250227182536_viewcapture6.png,HER2,0.2564,high,absent,0.00655,False,
_20250227182536_viewcapture7.png,HER2,0.2609,high,absent,0.00298,False,
_20250227182536_viewcapture8.png,HER2,0.3448,high,absent,0.00142,False,
_20250227182536_viewcapture9.png,HER2,0.381,high,absent,0.00322,False,
_20250203150520_viewcapture64.png,KI67,1.0101,usable,marginal,0.01979,True,
_20250203150520_viewcapture65.png,KI67,0.381,high,marginal,0.03518,True,
_20250203150533_viewcapture66.png,KI67,0.9346,usable,adequate,0.35443,True,
_20250203150533_viewcapture67.png,KI67,0.5882,high,marginal,0.04389,True,
_20250203150546_viewcapture69.png,KI67,1.0526,usable,marginal,0.02049,True,
_20250203153511_viewcapture70.png,KI67,0.381,high,adequate,0.28379,True,
_20250203153538_viewcapture71.png,KI67,0.4918,high,adequate,0.12517,True,
_20250204172838_viewcapture62.png,KI67,0.566,high,adequate,0.18792,True,
_20250204191949_viewcapture61.png,KI67,0.4425,high,adequate,0.08147,True,
_20250205110921_viewcapture56.png,KI67,0.6087,usable,absent,0.00344,False,
_20250205110933_viewcapture55.png,KI67,0.6897,usable,marginal,0.01328,True,
_20250205110946_viewcapture59.png,KI67,0.8929,usable,adequate,0.22118,True,
_20250205110946_viewcapture60.png,KI67,0.4505,high,adequate,0.33019,True,
_20250205111000_viewcapture56.png,KI67,6.25,overview,adequate,0.57832,True,
_20250205111000_viewcapture57.png,KI67,1.2821,marginal,adequate,0.33097,True,
_20250205111000_viewcapture58.png,KI67,0.5217,high,adequate,0.16818,True,
_20250205114924_viewcapture54.png,KI67,1.2346,marginal,absent,0.00945,False,
_20250205114924_viewcapture55.png,KI67,0.9524,usable,marginal,0.0179,True,
_20250205114937_viewcapture51.png,KI67,0.4348,high,absent,0.00541,False,
_20250205131819_viewcapture53.png,KI67,2.2222,marginal,absent,0.0001,False,
_20250205131832_viewcapture52.png,KI67,0.6723,usable,adequate,0.08545,True,
_20250205131900_viewcapture51.png,KI67,0.3061,high,marginal,0.02501,True,
_20250205131926_viewcapture50.png,KI67,1.8349,marginal,adequate,0.12981,True,
_20250205131926_viewcapture51.png,KI67,0.8403,usable,adequate,0.13118,True,
_20250205140230_viewcapture47.png,KI67,1.5873,marginal,marginal,0.03446,True,
_20250205140230_viewcapture48.png,KI67,1.8182,marginal,marginal,0.01132,True,
_20250205140230_viewcapture49.png,KI67,0.7826,usable,absent,0.00545,False,
_20250205140243_viewcapture47.png,KI67,0.3571,high,adequate,0.30373,True,
_20250205140256_viewcapture46.png,KI67,0.9346,usable,marginal,0.02435,True,
_20250205140309_viewcapture46.png,KI67,0.9346,usable,adequate,0.05821,True,
ki-67 + control_viewcapture24.png,KI67,0.5217,high,adequate,0.44974,True,
ki-67 + control_viewcapture25.png,KI67,0.5217,high,adequate,0.49709,True,
ki-67 + control_viewcapture26.png,KI67,0.5217,high,adequate,0.79347,True,
ki-67 + control_viewcapture27.png,KI67,0.5217,high,adequate,0.73988,True,
ki-67-control_viewcapture18.png,KI67,3.5088,overview,adequate,0.74799,True,
ki-67-control_viewcapture19.png,KI67,0.6422,usable,adequate,0.71378,True,
ki-67-control_viewcapture21.png,KI67,0.3361,high,adequate,0.86015,True,
ki-67human skin d0123_viewcapture21.png,KI67,0.7895,usable,adequate,0.63289,True,
ki-67human skin d0123_viewcapture23.png,KI67,0.5217,high,adequate,0.66822,True,
ki67100_viewcapture36.png,KI67,0.4959,high,adequate,0.59043,True,
ki67100_viewcapture37.png,KI67,0.9009,usable,adequate,0.56309,True,
ki67100_viewcapture38.png,KI67,0.5607,high,adequate,0.57968,True,
ki67150_viewcapture39.png,KI67,2.439,marginal,adequate,0.88459,True,
ki67150_viewcapture40.png,KI67,0.5556,high,adequate,0.72084,True,
ki67150_viewcapture41.png,KI67,0.9259,usable,adequate,0.62722,True,
ki672001hhnsallod0rnsd01l_viewcapture.png,KI67,3.3613,overview,absent,0.00219,False,
ki672001hhnsallod0rnsd01l_viewcapture1.png,KI67,0.381,high,marginal,0.04684,True,
ki672001hhnsallod0rnsd01l_viewcapture10.png,KI67,0.3361,high,adequate,0.32572,True,
ki672001hhnsallod0rnsd01l_viewcapture11.png,KI67,0.4348,high,adequate,0.26262,True,
ki672001hhnsallod0rnsd01l_viewcapture12.png,KI67,0.4348,high,adequate,0.32233,True,
ki672001hhnsallod0rnsd01l_viewcapture13.png,KI67,0.3846,high,adequate,0.31882,True,
ki672001hhnsallod0rnsd01l_viewcapture14.png,KI67,0.6667,usable,marginal,0.02096,True,
ki672001hhnsallod0rnsd01l_viewcapture15.png,KI67,0.3478,high,marginal,0.03003,True,
ki672001hhnsallod0rnsd01l_viewcapture2.png,KI67,0.2609,high,marginal,0.02488,True,
ki672001hhnsallod0rnsd01l_viewcapture4.png,KI67,2.6786,overview,adequate,0.23874,True,
ki672001hhnsallod0rnsd01l_viewcapture5.png,KI67,1.3514,marginal,adequate,0.31653,True,
ki672001hhnsallod0rnsd01l_viewcapture6.png,KI67,1.0417,usable,adequate,0.36971,True,
ki672001hhnsallod0rnsd01l_viewcapture7.png,KI67,1.7699,marginal,adequate,0.24947,True,
ki672001hhnsallod0rnsd01l_viewcapture8.png,KI67,0.8036,usable,adequate,0.26184,True,
ki672001hhnsallod0rnsd01l_viewcapture9.png,KI67,0.4717,high,adequate,0.3046,True,
ki67200_viewcapture42.png,KI67,2.1505,marginal,adequate,0.83809,True,
ki67200_viewcapture43.png,KI67,0.6838,usable,adequate,0.52505,True,
ki67200humantonsil 200 1h_viewcapture16.png,KI67,5.5046,overview,adequate,0.23053,True,
ki67200humantonsil 200 1h_viewcapture17.png,KI67,1.0417,usable,adequate,0.32291,True,
ki67200humantonsil 200 1h_viewcapture19.png,KI67,1.0417,usable,adequate,0.38193,True,
ki67300_viewcapture43.png,KI67,0.5983,high,adequate,0.71284,True,
ki67300_viewcapture44.png,KI67,2.0202,marginal,adequate,0.94151,True,
ki67300_viewcapture45.png,KI67,0.9434,usable,adequate,0.72343,True,
ki67ratd21_viewcapture28.png,KI67,0.9434,usable,adequate,0.41302,True,
ki67ratd21_viewcapture29.png,KI67,0.5217,high,adequate,0.32025,True,
ki67ratd21_viewcapture30.png,KI67,0.6897,usable,adequate,0.36826,True,
ki67ratd21_viewcapture31.png,KI67,0.625,usable,adequate,0.36877,True,
ki67ratd21_viewcapture32.png,KI67,0.5217,high,adequate,0.39717,True,
ki67ratd21_viewcapture33.png,KI67,1.5625,marginal,adequate,0.52263,True,
ki67ratd21_viewcapture34.png,KI67,1.0101,usable,adequate,0.47802,True,
ki67ratd21_viewcapture35.png,KI67,0.5217,high,adequate,0.4789,True,
_20250227155408_viewcapture30.png,PR,1.9417,marginal,absent,0.00017,False,
_20250227155408_viewcapture31.png,PR,1.0989,usable,absent,0.00032,False,
_20250227155408_viewcapture32.png,PR,0.4237,high,absent,0.00482,False,
_20250227155408_viewcapture33.png,PR,0.4505,high,absent,0.00263,False,
_20250227155408_viewcapture35.png,PR,0.2857,high,absent,0.00263,False,
_20250227155408_viewcapture36.png,PR,0.3361,high,absent,0.0027,False,
_20250227155408_viewcapture37.png,PR,0.3509,high,absent,0.0037,False,
_20250227155408_viewcapture38.png,PR,0.7339,usable,absent,0.00079,False,
_20250227155408_viewcapture39.png,PR,0.3704,high,absent,0.00255,False,
_20250227155408_viewcapture40.png,PR,0.3448,high,absent,0.00252,False,
_20250227163701_viewcapture22.png,PR,0.7692,usable,absent,0.00197,False,
_20250227163701_viewcapture23.png,PR,0.3333,high,absent,0.00555,False,
_20250227163701_viewcapture24.png,PR,0.1974,high,absent,0.00289,False,
_20250227163701_viewcapture25.png,PR,0.4386,high,absent,0.00101,False,
_20250227163701_viewcapture26.png,PR,0.4167,high,absent,0.00095,False,
_20250227163701_viewcapture27.png,PR,0.3361,high,absent,0.00146,False,
_20250227163701_viewcapture28.png,PR,0.3774,high,absent,0.00203,False,
_20250227163701_viewcapture29.png,PR,0.4348,high,absent,0.00101,False,
_20250227163714_viewcapture21.png,PR,0.5455,high,adequate,0.45709,True,
_20250227163714_viewcapture22.png,PR,0.396,high,adequate,0.25621,True,
_20250227163727_viewcapture15.png,PR,0.4464,high,absent,0.00357,False,
_20250227163727_viewcapture16.png,PR,0.283,high,absent,0.00345,False,
_20250227163727_viewcapture17.png,PR,0.2143,high,absent,0.00377,False,
_20250227163727_viewcapture18.png,PR,0.303,high,absent,0.00181,False,
_20250227163727_viewcapture19.png,PR,0.4587,high,absent,0.00111,False,
_20250227163727_viewcapture20.png,PR,0.4959,high,absent,0.00149,False,
_20250227163739_viewcapture14.png,PR,0.404,high,absent,9e-05,False,
_20250227163805_viewcapture10.png,PR,0.2609,high,absent,0.00145,False,
_20250227163805_viewcapture11.png,PR,0.2609,high,absent,0.0018,False,
_20250227163805_viewcapture12.png,PR,0.381,high,absent,0.00374,False,
_20250227163805_viewcapture13.png,PR,0.3361,high,absent,0.00448,False,
_20250227163805_viewcapture14.png,PR,0.3,high,absent,0.00401,False,
_20250227163805_viewcapture3.png,PR,1.0989,usable,absent,7e-05,False,
_20250227163805_viewcapture5.png,PR,0.3093,high,absent,0.00225,False,
_20250227163805_viewcapture6.png,PR,1.0638,usable,absent,0.00018,False,
_20250227163805_viewcapture8.png,PR,0.2609,high,absent,0.00364,False,
_20250227163805_viewcapture9.png,PR,0.2609,high,absent,0.00453,False,
_20250227173740_viewcapture.png,PR,0.2609,high,absent,0.00557,False,
_20250227173740_viewcapture1.png,PR,0.2609,high,absent,0.00273,False,
_____20250227163752_viewcapture2.png,PR,7.5,overview,adequate,0.06354,True,
