filename,marker,mpp_um_per_px,counterstain_grade,n_nuclei_detected,n_positive,positive_density_per_mm2,percent_positive,percent_reportable,n_enclosed_cells,mean_membrane_completeness,median_cell_area_um2,note
001.png,ER,0.2609,absent,2.0,1.0,10.350954343168922,,False,,,,"counterstain absent: no denominator, percent withheld"
0010.png,ER,0.625,marginal,619.0,336.0,606.0490766164232,54.281098546042,True,,,,
002.png,ER,0.5714,absent,1.0,0.0,0.0,,False,,,,"counterstain absent: no denominator, percent withheld"
003.png,ER,0.531,absent,23.0,2.0,4.997692195047118,,False,,,,"counterstain absent: no denominator, percent withheld"
004.png,ER,0.5085,absent,26.0,13.0,35.42337926266227,,False,,,,"counterstain absent: no denominator, percent withheld"
005.png,ER,0.4808,absent,2.0,1.0,3.047892415268093,,False,,,,"counterstain absent: no denominator, percent withheld"
006.png,ER,2.2472,absent,474.0,181.0,25.25362188692836,,False,,,,"counterstain absent: no denominator, percent withheld"
007.png,ER,0.3788,marginal,293.0,68.0,333.9008489144646,23.208191126279864,True,,,,
008.png,ER,0.6897,absent,390.0,219.0,324.3786141535924,,False,,,,"counterstain absent: no denominator, percent withheld"
009.png,ER,0.4274,marginal,317.0,216.0,833.1309466979252,68.13880126182966,True,,,,
011.png,ER,0.3817,absent,214.0,179.0,865.6398921484989,,False,,,,"counterstain absent: no denominator, percent withheld"
012.png,ER,1.0989,absent,2387.0,1959.0,1143.0010790603665,,False,,,,"counterstain absent: no denominator, percent withheld"
013.png,ER,0.367,marginal,481.0,229.0,1197.9312794020257,47.60914760914761,True,,,,
014.png,ER,0.8403,marginal,1944.0,742.0,740.3954298322354,38.1687242798354,True,,,,
015.png,ER,0.8333,marginal,1788.0,998.0,1012.642915722388,55.8165548098434,True,,,,
016.png,ER,0.614,absent,55.0,32.0,59.80559110474088,,False,,,,"counterstain absent: no denominator, percent withheld"
017.png,ER,0.219,absent,33.0,17.0,249.7406529589726,,False,,,,"counterstain absent: no denominator, percent withheld"
018.png,ER,0.2609,absent,15.0,11.0,113.86049777485816,,False,,,,"counterstain absent: no denominator, percent withheld"
019.png,ER,0.4587,absent,253.0,146.0,488.9043784774104,,False,,,,"counterstain absent: no denominator, percent withheld"
020.png,ER,0.4425,absent,276.0,122.0,438.9972824129388,,False,,,,"counterstain absent: no denominator, percent withheld"
021.png,ER,0.6612,absent,565.0,325.0,523.7767569838284,,False,,,,"counterstain absent: no denominator, percent withheld"
022.png,ER,1.0753,absent,627.0,318.0,193.77439050786245,,False,,,,"counterstain absent: no denominator, percent withheld"
023.png,ER,1.3333,absent,352.0,215.0,85.21405906312756,,False,,,,"counterstain absent: no denominator, percent withheld"
024.png,ER,0.2941,absent,34.0,23.0,187.35545316058077,,False,,,,"counterstain absent: no denominator, percent withheld"
025.png,ER,0.75,absent,272.0,127.0,163.53278458104742,,False,,,,"counterstain absent: no denominator, percent withheld"
026.png,ER,0.6897,absent,292.0,122.0,185.76462549328616,,False,,,,"counterstain absent: no denominator, percent withheld"
027.png,ER,0.283,absent,99.0,46.0,416.0146247766489,,False,,,,"counterstain absent: no denominator, percent withheld"
030.png,ER,0.3774,absent,275.0,143.0,727.203371075424,,False,,,,"counterstain absent: no denominator, percent withheld"
032.png,ER,0.303,absent,205.0,109.0,859.9335212298823,,False,,,,"counterstain absent: no denominator, percent withheld"
033.png,ER,0.3419,absent,216.0,103.0,638.2086127258839,,False,,,,"counterstain absent: no denominator, percent withheld"
034.png,ER,0.3876,absent,155.0,74.0,356.7695828902181,,False,,,,"counterstain absent: no denominator, percent withheld"
035.png,ER,0.2778,absent,81.0,36.0,337.8793543491447,,False,,,,"counterstain absent: no denominator, percent withheld"
036.png,ER,0.3896,absent,166.0,95.0,453.324662126797,,False,,,,"counterstain absent: no denominator, percent withheld"
2.png,ER,0.3061,absent,2.0,1.0,7.519723847741469,,False,,,,"counterstain absent: no denominator, percent withheld"
31.png,ER,0.2083,absent,75.0,43.0,717.8166923459638,,False,,,,"counterstain absent: no denominator, percent withheld"
_20250227150420_viewcapture1.png,ER,0.2222,marginal,146.0,74.0,1085.5935346483843,50.68493150684932,True,,,,
_20250227150420_viewcapture10.png,ER,0.3,marginal,301.0,142.0,1142.7980024856663,47.17607973421927,True,,,,
_20250227150420_viewcapture11.png,ER,0.2609,absent,46.0,27.0,287.3023931866502,,False,,,,"counterstain absent: no denominator, percent withheld"
_20250227150420_viewcapture2.png,ER,0.2521,absent,62.0,38.0,433.0734332792844,,False,,,,"counterstain absent: no denominator, percent withheld"
_20250227150420_viewcapture3.png,ER,0.2609,absent,71.0,36.0,383.06985758220026,,False,,,,"counterstain absent: no denominator, percent withheld"
_20250227150420_viewcapture4.png,ER,0.2609,absent,156.0,81.0,861.9071795599506,,False,,,,"counterstain absent: no denominator, percent withheld"
_20250227150420_viewcapture5.png,ER,0.2206,marginal,211.0,93.0,1384.1895621477152,44.07582938388626,True,,,,
_20250227150420_viewcapture6.png,ER,0.2439,absent,54.0,25.0,304.3967741657063,,False,,,,"counterstain absent: no denominator, percent withheld"
_20250227150420_viewcapture8.png,ER,0.3704,absent,135.0,77.0,406.51109820131467,,False,,,,"counterstain absent: no denominator, percent withheld"
_20250227150420_viewcapture9.png,ER,0.2609,absent,69.0,36.0,383.06985758220026,,False,,,,"counterstain absent: no denominator, percent withheld"
_20250227153800_viewcapture.png,ER,0.5172,absent,57.0,35.0,92.1890974365598,,False,,,,"counterstain absent: no denominator, percent withheld"
_20250227153800_viewcapture01.png,ER,0.3478,absent,228.0,131.0,763.0283802301817,,False,,,,"counterstain absent: no denominator, percent withheld"
_20250227153800_viewcapture02.png,ER,0.2083,absent,102.0,50.0,811.9326681367513,,False,,,,"counterstain absent: no denominator, percent withheld"
_20250227153800_viewcapture03.png,ER,0.2548,absent,85.0,49.0,531.7723889806788,,False,,,,"counterstain absent: no denominator, percent withheld"
_20250227153800_viewcapture04.png,ER,0.2609,absent,139.0,89.0,921.234936542034,,False,,,,"counterstain absent: no denominator, percent withheld"
_20250227153800_viewcapture05.png,ER,0.2521,absent,123.0,78.0,864.7238999040278,,False,,,,"counterstain absent: no denominator, percent withheld"
_20250227153800_viewcapture06.png,ER,0.2609,absent,46.0,20.0,207.01908686337845,,False,,,,"counterstain absent: no denominator, percent withheld"
_20250227153800_viewcapture1.png,ER,0.5172,absent,65.0,26.0,68.48332952430157,,False,,,,"counterstain absent: no denominator, percent withheld"
_20250227153800_viewcapture111.png,ER,0.303,absent,20.0,9.0,69.06941912595238,,False,,,,"counterstain absent: no denominator, percent withheld"
_20250227153800_viewcapture2.png,ER,0.2609,absent,10.0,8.0,88.05485120446276,,False,,,,"counterstain absent: no denominator, percent withheld"
_20250227153800_viewcapture3.png,ER,0.2609,absent,10.0,8.0,88.05485120446276,,False,,,,"counterstain absent: no denominator, percent withheld"
_20250227153800_viewcapture4.png,ER,0.3306,absent,187.0,124.0,799.3639121968581,,False,,,,"counterstain absent: no denominator, percent withheld"
_20250227153800_viewcapture5.png,ER,0.2542,absent,93.0,65.0,708.7463174568063,,False,,,,"counterstain absent: no denominator, percent withheld"
_20250227153800_viewcapture6.png,ER,0.2632,absent,119.0,77.0,783.1546059082814,,False,,,,"counterstain absent: no denominator, percent withheld"
_20250227153800_viewcapture7.png,ER,0.2632,absent,115.0,69.0,701.7878936061223,,False,,,,"counterstain absent: no denominator, percent withheld"
_20250227153800_viewcapture71.png,ER,0.6612,absent,136.0,89.0,143.434250374033,,False,,,,"counterstain absent: no denominator, percent withheld"
_20250227153800_viewcapture8.png,ER,0.2632,absent,167.0,112.0,1139.1339722302275,,False,,,,"counterstain absent: no denominator, percent withheld"
_20250227175405_viewcapture49.png,HER2,0.708,absent,,,,,False,124.0,0.998674364943514,51.88082399999999,membrane completeness only; never 0/1+/2+/3+
_20250227175405_viewcapture50.png,HER2,0.381,absent,,,,,False,86.0,0.9993806351278391,47.8305495,membrane completeness only; never 0/1+/2+/3+
_20250227175405_viewcapture51.png,HER2,0.2609,absent,,,,,False,5.0,0.9991666666666668,88.82979705000001,membrane completeness only; never 0/1+/2+/3+
_20250227175418_viewcapture39.png,HER2,0.5085,absent,,,,,False,111.0,0.9957729169209276,68.52164624999999,membrane completeness only; never 0/1+/2+/3+
_20250227175418_viewcapture40.png,HER2,0.4511,absent,,,,,False,65.0,0.9978436225190632,55.75659154,membrane completeness only; never 0/1+/2+/3+
_20250227175418_viewcapture41.png,HER2,0.5303,absent,,,,,False,91.0,0.9938054744306822,55.39996373,membrane completeness only; never 0/1+/2+/3+
_20250227175418_viewcapture42.png,HER2,0.4348,absent,,,,,False,171.0,0.9971183390065532,65.97881296,membrane completeness only; never 0/1+/2+/3+
_20250227175418_viewcapture43.png,HER2,0.4918,absent,,,,,False,153.0,0.9972296207025674,54.903863480000005,membrane completeness only; never 0/1+/2+/3+
_20250227175418_viewcapture44.png,HER2,0.4444,absent,,,,,False,75.0,0.9974205420636738,53.52015856,membrane completeness only; never 0/1+/2+/3+
_20250227175418_viewcapture45.png,HER2,0.4839,absent,,,,,False,113.0,0.9982416244224612,68.14033011000001,membrane completeness only; never 0/1+/2+/3+
_20250227175418_viewcapture46.png,HER2,0.4959,absent,,,,,False,131.0,0.9957075459046189,75.98829429,membrane completeness only; never 0/1+/2+/3+
_20250227175418_viewcapture47.png,HER2,0.5303,absent,,,,,False,39.0,0.9966306628632728,47.52585721,membrane completeness only; never 0/1+/2+/3+
_20250227175418_viewcapture48.png,HER2,0.404,absent,,,,,False,106.0,0.9974590563956364,73.12076800000001,membrane completeness only; never 0/1+/2+/3+
_20250227175431_viewcapture36.png,HER2,2.4793,absent,,,,,False,28.0,0.9834431689342404,52.248892165,membrane completeness only; never 0/1+/2+/3+
_20250227175431_viewcapture37.png,HER2,0.5172,absent,,,,,False,24.0,0.9967470549666436,57.91284936,membrane completeness only; never 0/1+/2+/3+
_20250227175431_viewcapture38.png,HER2,0.5172,absent,,,,,False,73.0,0.9977422900598686,76.50381023999999,membrane completeness only; never 0/1+/2+/3+
_20250227175444_viewcapture33.png,HER2,4.9587,absent,,,,,False,296.0,0.9776789309877548,98.35482276000002,membrane completeness only; never 0/1+/2+/3+
_20250227175444_viewcapture34.png,HER2,0.5405,absent,,,,,False,146.0,0.9963772678129728,81.945340125,membrane completeness only; never 0/1+/2+/3+
_20250227175444_viewcapture35.png,HER2,0.4545,absent,,,,,False,115.0,0.9973218806565448,98.53400925,membrane completeness only; never 0/1+/2+/3+
_20250227175444_viewcapture36.png,HER2,0.381,absent,,,,,False,132.0,0.9974009220096424,99.580446,membrane completeness only; never 0/1+/2+/3+
_20250227175509_viewcapture31.png,HER2,0.4082,adequate,,,,,False,15.0,0.9990782828282828,59.9858064,membrane completeness only; never 0/1+/2+/3+
_20250227175509_viewcapture32.png,HER2,0.2609,adequate,,,,,False,9.0,1.0,70.72349359,membrane completeness only; never 0/1+/2+/3+
_20250227182433_viewcapture25.png,HER2,0.6195,absent,,,,,False,21.0,0.9989500442086648,48.740091750000005,membrane completeness only; never 0/1+/2+/3+
_20250227182433_viewcapture26.png,HER2,0.2804,absent,,,,,False,12.0,0.9996408045977012,46.89931143999999,membrane completeness only; never 0/1+/2+/3+
_20250227182433_viewcapture27.png,HER2,0.2941,absent,,,,,False,15.0,0.9996941896024464,47.13967144999999,membrane completeness only; never 0/1+/2+/3+
_20250227182433_viewcapture28.png,HER2,0.2941,absent,,,,,False,15.0,0.9995024875621892,39.61462297999999,membrane completeness only; never 0/1+/2+/3+
_20250227182433_viewcapture29.png,HER2,0.3,absent,,,,,False,25.0,0.998628665038665,42.3,membrane completeness only; never 0/1+/2+/3+
_20250227182433_viewcapture30.png,HER2,0.4348,absent,,,,,False,31.0,0.9980396496561332,41.78027984,membrane completeness only; never 0/1+/2+/3+
_20250227182446_viewcapture19.png,HER2,0.6667,absent,,,,,False,169.0,0.9975393030501252,42.67093344,membrane completeness only; never 0/1+/2+/3+
_20250227182446_viewcapture20.png,HER2,0.3008,absent,,,,,False,45.0,0.9991056126570144,37.36850432,membrane completeness only; never 0/1+/2+/3+
_20250227182446_viewcapture21.png,HER2,0.4,absent,,,,,False,102.0,0.9993953778383028,46.000000000000014,membrane completeness only; never 0/1+/2+/3+
_20250227182446_viewcapture22.png,HER2,0.297,absent,,,,,False,107.0,0.99855071364952,46.397934,membrane completeness only; never 0/1+/2+/3+
_20250227182446_viewcapture23.png,HER2,0.2804,absent,,,,,False,49.0,0.9988349588730596,43.16466383999999,membrane completeness only; never 0/1+/2+/3+
_20250227182446_viewcapture24.png,HER2,0.2609,absent,,,,,False,32.0,0.9981025808188886,35.906297275,membrane completeness only; never 0/1+/2+/3+
_20250227182446_viewcapture25.png,HER2,0.2759,absent,,,,,False,22.0,0.9977416659130928,47.19490219999999,membrane completeness only; never 0/1+/2+/3+
_20250227182511_viewcapture16.png,HER2,0.8264,absent,,,,,False,0.0,,,membrane completeness only; never 0/1+/2+/3+
_20250227182511_viewcapture17.png,HER2,0.3175,absent,,,,,False,2.0,0.9951706000093096,29.435425,membrane completeness only; never 0/1+/2+/3+
_20250227182511_viewcapture18.png,HER2,0.3597,absent,,,,,False,2.0,0.9982394366197184,59.12852913,membrane completeness only; never 0/1+/2+/3+
_20250227182524_viewcapture13.png,HER2,0.8264,absent,,,,,False,105.0,0.9982406436176956,47.122650240000006,membrane completeness only; never 0/1+/2+/3+
_20250227182524_viewcapture14.png,HER2,0.6087,absent,,,,,False,45.0,0.9994410774410776,37.42208469,membrane completeness only; never 0/1+/2+/3+
_20250227182524_viewcapture15.png,HER2,0.4202,absent,,,,,False,38.0,0.9998233839632638,54.82437642000001,membrane completeness only; never 0/1+/2+/3+
_20250227182524_viewcapture16.png,HER2,0.4505,absent,,,,,False,50.0,0.9987641413637676,63.421953125,membrane completeness only; never 0/1+/2+/3+
_20250227182536_viewcapture1.png,HER2,0.4386,absent,,,,,False,86.0,0.9959229599999864,54.82543859999999,membrane completeness only; never 0/1+/2+/3+
_20250227182536_viewcapture10.png,HER2,0.8621,absent,,,,,False,348.0,0.9922810363194376,50.910324085,membrane completeness only; never 0/1+/2+/3+
_20250227182536_viewcapture12.png,HER2,0.2521,absent,,,,,False,70.0,0.9966876491526476,37.30643866999999,membrane completeness only; never 0/1+/2+/3+
_20250227182536_viewcapture2.png,HER2,0.2609,absent,,,,,False,21.0,0.9962379569306375,59.08372708000001,membrane completeness only; never 0/1+/2+/3+
_20250227182536_viewcapture3.png,HER2,0.4511,absent,,,,,False,164.0,0.9962587525748704,60.23339816000001,membrane completeness only; never 0/1+/2+/3+
_20250227182536_viewcapture4.png,HER2,0.2941,absent,,,,,False,22.0,0.9961415480779398,63.74667496999999,membrane completeness only; never 0/1+/2+/3+
_20250227182536_viewcapture5.png,HER2,0.2857,absent,,,,,False,76.0,0.9970740337453456,73.91097569500002,membrane completeness only; never 0/1+/2+/3+
_20250227182536_viewcapture6.png,HER2,0.2564,absent,,,,,False,16.0,0.996467740523694,73.16968848000002,membrane completeness only; never 0/1+/2+/3+
_20250227182536_viewcapture7.png,HER2,0.2609,absent,,,,,False,42.0,0.9960554656275352,58.164798145000006,membrane completeness only; never 0/1+/2+/3+
_20250227182536_viewcapture8.png,HER2,0.3448,absent,,,,,False,147.0,0.9973323696580908,62.89124416,membrane completeness only; never 0/1+/2+/3+
_20250227182536_viewcapture9.png,HER2,0.381,absent,,,,,False,193.0,0.9976551159257878,57.338595000000005,membrane completeness only; never 0/1+/2+/3+
_20250203150520_viewcapture64.png,Ki67,1.0101,marginal,468.0,53.0,35.906679918237394,11.324786324786324,True,,,,
_20250203150520_viewcapture65.png,Ki67,0.381,marginal,190.0,15.0,71.42815471059443,7.894736842105263,True,,,,
_20250203150533_viewcapture66.png,Ki67,0.9346,adequate,9615.0,724.0,572.9479049720385,7.529901196047842,True,,,,
_20250203150533_viewcapture67.png,Ki67,0.5882,marginal,837.0,101.0,201.78991451633627,12.066905615292711,True,,,,
_20250203150546_viewcapture69.png,Ki67,1.0526,marginal,832.0,76.0,47.4149158176183,9.134615384615383,True,,,,
_20250203153511_viewcapture70.png,Ki67,0.381,adequate,2057.0,178.0,847.6141025657206,8.653378706854644,True,,,,
_20250203153538_viewcapture71.png,Ki67,0.4918,adequate,1307.0,27.0,77.16401881751442,2.065799540933435,True,,,,
_20250204172838_viewcapture62.png,Ki67,0.566,adequate,3418.0,432.0,932.1354122888426,12.638970157987128,True,,,,
_20250204191949_viewcapture61.png,Ki67,0.4425,adequate,766.0,98.0,354.2455405814188,12.79373368146214,True,,,,
_20250205110921_viewcapture56.png,Ki67,0.6087,absent,163.0,74.0,138.82833558165763,,False,,,,"counterstain absent: no denominator, percent withheld"
_20250205110933_viewcapture55.png,Ki67,0.6897,marginal,947.0,509.0,743.7899930268464,53.74868004223865,True,,,,
_20250205110946_viewcapture59.png,Ki67,0.8929,adequate,6461.0,1076.0,932.8992594249492,16.653768766444824,True,,,,
_20250205110946_viewcapture60.png,Ki67,0.4505,adequate,2456.0,358.0,1219.3308415923498,14.57654723127036,True,,,,
_20250205111000_viewcapture57.png,Ki67,1.2821,adequate,7607.0,2020.0,849.4458364305116,26.55448928618378,True,,,,
_20250205111000_viewcapture58.png,Ki67,0.5217,adequate,2295.0,11.0,27.936959269815265,0.4793028322440087,True,,,,
_20250205114924_viewcapture54.png,Ki67,1.2346,absent,1396.0,926.0,422.2906270126823,,False,,,,"counterstain absent: no denominator, percent withheld"
_20250205114924_viewcapture55.png,Ki67,0.9524,marginal,701.0,233.0,177.56005483476682,33.238231098430816,True,,,,
_20250205114937_viewcapture51.png,Ki67,0.4348,absent,141.0,44.0,164.7321899095857,,False,,,,"counterstain absent: no denominator, percent withheld"
_20250205131819_viewcapture53.png,Ki67,2.2222,absent,2.0,1.0,0.1407624166030647,,False,,,,"counterstain absent: no denominator, percent withheld"
_20250205131832_viewcapture52.png,Ki67,0.6723,adequate,1574.0,16.0,24.606325281828852,1.0165184243964422,True,,,,
_20250205131900_viewcapture51.png,Ki67,0.3061,marginal,109.0,48.0,365.93104956650313,44.03669724770643,True,,,,
_20250205131926_viewcapture50.png,Ki67,1.8349,adequate,5681.0,854.0,176.31370434536518,15.032564689315262,True,,,,
_20250205131926_viewcapture51.png,Ki67,0.8403,adequate,4966.0,435.0,428.22649138667134,8.759565042287555,True,,,,
_20250205140230_viewcapture47.png,Ki67,1.5873,marginal,1369.0,94.0,25.933600823365072,6.866325785244704,True,,,,
_20250205140230_viewcapture48.png,Ki67,1.8182,marginal,189.0,13.0,2.7334620336111226,6.878306878306878,True,,,,
_20250205140230_viewcapture49.png,Ki67,0.7826,absent,112.0,34.0,38.58799651281436,,False,,,,"counterstain absent: no denominator, percent withheld"
_20250205140243_viewcapture47.png,Ki67,0.3571,adequate,1546.0,14.0,76.31349362716347,0.9055627425614488,True,,,,
_20250205140256_viewcapture46.png,Ki67,0.9346,marginal,594.0,88.0,70.02999889024883,14.814814814814811,True,,,,
_20250205140309_viewcapture46.png,Ki67,0.9346,adequate,1953.0,107.0,85.15011228700712,5.478750640040963,True,,,,
ki-67 + control_viewcapture24.png,Ki67,0.5217,adequate,3890.0,1245.0,3179.659964699804,32.005141388174806,True,,,,
ki-67 + control_viewcapture25.png,Ki67,0.5217,adequate,5267.0,1042.0,2661.209384110197,19.78355800265806,True,,,,
ki-67 + control_viewcapture26.png,Ki67,0.5217,adequate,4338.0,1402.0,3580.629132939056,32.31904103273398,True,,,,
ki-67 + control_viewcapture27.png,Ki67,0.5217,adequate,4933.0,649.0,1657.509491638693,13.156294344212446,True,,,,
ki-67-control_viewcapture19.png,Ki67,0.6422,adequate,3188.0,9.0,15.168928619267092,0.2823086574654956,True,,,,
ki-67-control_viewcapture21.png,Ki67,0.3361,adequate,989.0,1.0,6.153411739645319,0.1011122345803842,True,,,,
ki-67human skin d0123_viewcapture21.png,Ki67,0.7895,adequate,4631.0,2.0,2.2303793097001674,0.0431872165838911,True,,,,
ki-67human skin d0123_viewcapture23.png,Ki67,0.5217,adequate,2417.0,182.0,464.8177619079231,7.529995862639637,True,,,,
ki67100_viewcapture36.png,Ki67,0.4959,adequate,4826.0,1760.0,4974.820919762069,36.46912556983008,True,,,,
ki67100_viewcapture37.png,Ki67,0.9009,adequate,10439.0,3332.0,2853.67703055402,31.918766165341506,True,,,,
ki67100_viewcapture38.png,Ki67,0.5607,adequate,5441.0,1541.0,3407.175680607119,28.321999632420518,True,,,,
ki67150_viewcapture39.png,Ki67,2.439,adequate,456.0,42.0,4.907707721980039,9.210526315789473,True,,,,
ki67150_viewcapture40.png,Ki67,0.5556,adequate,4995.0,1195.0,2690.8930180670204,23.923923923923923,True,,,,
ki67150_viewcapture41.png,Ki67,0.9259,adequate,8295.0,2950.0,2391.9210921646973,35.56359252561784,True,,,,
ki672001hhnsallod0rnsd01l_viewcapture1.png,Ki67,0.381,marginal,154.0,68.0,325.62066735705395,44.15584415584416,True,,,,
ki672001hhnsallod0rnsd01l_viewcapture10.png,Ki67,0.3361,adequate,1101.0,332.0,2042.9326975622455,30.154405086285195,True,,,,
ki672001hhnsallod0rnsd01l_viewcapture11.png,Ki67,0.4348,adequate,1202.0,57.0,209.57949306195357,4.742096505823628,True,,,,
ki672001hhnsallod0rnsd01l_viewcapture12.png,Ki67,0.4348,adequate,1256.0,145.0,533.1408156839169,11.544585987261147,True,,,,
ki672001hhnsallod0rnsd01l_viewcapture13.png,Ki67,0.3846,adequate,1183.0,167.0,784.785394797042,14.116652578191038,True,,,,
ki672001hhnsallod0rnsd01l_viewcapture14.png,Ki67,0.6667,marginal,1349.0,769.0,1202.5923316782855,57.00518902891031,True,,,,
ki672001hhnsallod0rnsd01l_viewcapture15.png,Ki67,0.3478,marginal,518.0,247.0,1419.354237254551,47.68339768339768,True,,,,
ki672001hhnsallod0rnsd01l_viewcapture2.png,Ki67,0.2609,marginal,27.0,8.0,81.69487817542506,29.629629629629623,True,,,,
ki672001hhnsallod0rnsd01l_viewcapture5.png,Ki67,1.3514,adequate,4402.0,3.0,1.141843085218921,0.0681508405270331,True,,,,
ki672001hhnsallod0rnsd01l_viewcapture6.png,Ki67,1.0417,adequate,3655.0,6.0,3.843429531285268,0.1641586867305061,True,,,,
ki672001hhnsallod0rnsd01l_viewcapture7.png,Ki67,1.7699,adequate,6229.0,264.0,58.58136258830979,4.238240488039813,True,,,,
ki672001hhnsallod0rnsd01l_viewcapture8.png,Ki67,0.8036,adequate,3744.0,529.0,569.4148860232677,14.129273504273504,True,,,,
ki672001hhnsallod0rnsd01l_viewcapture9.png,Ki67,0.4717,adequate,2025.0,496.0,1549.5404746954569,24.49382716049383,True,,,,
ki67200_viewcapture42.png,Ki67,2.1505,adequate,1039.0,33.0,4.960072754592986,3.1761308950914344,True,,,,
ki67200_viewcapture43.png,Ki67,0.6838,adequate,9312.0,3833.0,5698.1467127812175,41.161941580756015,True,,,,
ki67200humantonsil 200 1h_viewcapture17.png,Ki67,1.0417,adequate,10248.0,133.0,85.19602127682344,1.2978142076502732,True,,,,
ki67200humantonsil 200 1h_viewcapture19.png,Ki67,1.0417,adequate,13054.0,108.0,69.18173156313482,0.8273326183545273,True,,,,
ki67300_viewcapture43.png,Ki67,0.5983,adequate,6083.0,347.0,673.8208881625151,5.704422160118363,True,,,,
ki67300_viewcapture44.png,Ki67,2.0202,adequate,113.0,3.0,0.5109583748850152,2.6548672566371683,True,,,,
ki67300_viewcapture45.png,Ki67,0.9434,adequate,9263.0,792.0,618.5665604631057,8.550145741120588,True,,,,
ki67ratd21_viewcapture28.png,Ki67,0.9434,adequate,8716.0,1285.0,1003.6086239837006,14.74300137677834,True,,,,
ki67ratd21_viewcapture29.png,Ki67,0.5217,adequate,4129.0,794.0,2027.831334916983,19.22983773310729,True,,,,
ki67ratd21_viewcapture30.png,Ki67,0.6897,adequate,6825.0,1035.0,1512.4216950545897,15.164835164835164,True,,,,
ki67ratd21_viewcapture31.png,Ki67,0.625,adequate,4406.0,388.0,690.4380091240026,8.806173399909214,True,,,,
ki67ratd21_viewcapture32.png,Ki67,0.5217,adequate,2943.0,255.0,651.2556554204416,8.664627930682975,True,,,,
ki67ratd21_viewcapture33.png,Ki67,1.5625,adequate,6684.0,376.0,107.0534810023196,5.6253740275284265,True,,,,
ki67ratd21_viewcapture34.png,Ki67,1.0101,adequate,5745.0,464.0,316.1129145955294,8.076588337684944,True,,,,
ki67ratd21_viewcapture35.png,Ki67,0.5217,adequate,2351.0,275.0,702.3345303553782,11.69715014887282,True,,,,
_20250227155408_viewcapture30.png,PR,1.9417,absent,69.0,29.0,5.494376548581756,,False,,,,"counterstain absent: no denominator, percent withheld"
_20250227155408_viewcapture31.png,PR,1.0989,absent,252.0,115.0,68.02462819502978,,False,,,,"counterstain absent: no denominator, percent withheld"
_20250227155408_viewcapture32.png,PR,0.4237,absent,278.0,143.0,568.9888979821516,,False,,,,"counterstain absent: no denominator, percent withheld"
_20250227155408_viewcapture33.png,PR,0.4505,absent,302.0,174.0,612.412914929791,,False,,,,"counterstain absent: no denominator, percent withheld"
_20250227155408_viewcapture35.png,PR,0.2857,absent,92.0,45.0,393.8009106942779,,False,,,,"counterstain absent: no denominator, percent withheld"
_20250227155408_viewcapture36.png,PR,0.3361,absent,86.0,50.0,316.1678183833871,,False,,,,"counterstain absent: no denominator, percent withheld"
_20250227155408_viewcapture37.png,PR,0.3509,absent,163.0,100.0,580.1201448002239,,False,,,,"counterstain absent: no denominator, percent withheld"
_20250227155408_viewcapture38.png,PR,0.7339,absent,284.0,148.0,196.2784515387732,,False,,,,"counterstain absent: no denominator, percent withheld"
_20250227155408_viewcapture39.png,PR,0.3704,absent,231.0,114.0,593.5367009709927,,False,,,,"counterstain absent: no denominator, percent withheld"
_20250227155408_viewcapture40.png,PR,0.3448,absent,193.0,120.0,720.9936086547586,,False,,,,"counterstain absent: no denominator, percent withheld"
_20250227163701_viewcapture22.png,PR,0.7692,absent,378.0,194.0,227.9167164530332,,False,,,,"counterstain absent: no denominator, percent withheld"
_20250227163701_viewcapture23.png,PR,0.3333,absent,169.0,67.0,419.2346557036919,,False,,,,"counterstain absent: no denominator, percent withheld"
_20250227163701_viewcapture24.png,PR,0.1974,absent,18.0,5.0,89.1925762575615,,False,,,,"counterstain absent: no denominator, percent withheld"
_20250227163701_viewcapture25.png,PR,0.4386,absent,51.0,20.0,72.26795104204622,,False,,,,"counterstain absent: no denominator, percent withheld"
_20250227163701_viewcapture26.png,PR,0.4167,absent,50.0,20.0,80.06376250873515,,False,,,,"counterstain absent: no denominator, percent withheld"
_20250227163701_viewcapture27.png,PR,0.3361,absent,46.0,24.0,147.68188175148765,,False,,,,"counterstain absent: no denominator, percent withheld"
_20250227163701_viewcapture28.png,PR,0.3774,absent,63.0,35.0,170.81155776793352,,False,,,,"counterstain absent: no denominator, percent withheld"
_20250227163701_viewcapture29.png,PR,0.4348,absent,53.0,24.0,88.24399707871729,,False,,,,"counterstain absent: no denominator, percent withheld"
_20250227163714_viewcapture21.png,PR,0.5455,adequate,3721.0,136.0,317.68916210015834,3.6549314700349367,True,,,,
_20250227163714_viewcapture22.png,PR,0.396,adequate,1668.0,60.0,265.9585026637662,3.597122302158273,True,,,,
_20250227163727_viewcapture15.png,PR,0.4464,absent,144.0,57.0,198.8288884053065,,False,,,,"counterstain absent: no denominator, percent withheld"
_20250227163727_viewcapture16.png,PR,0.283,absent,50.0,29.0,251.6970512092618,,False,,,,"counterstain absent: no denominator, percent withheld"
_20250227163727_viewcapture17.png,PR,0.2143,absent,26.0,13.0,196.76688523500755,,False,,,,"counterstain absent: no denominator, percent withheld"
_20250227163727_viewcapture18.png,PR,0.303,absent,17.0,4.0,30.28501094934132,,False,,,,"counterstain absent: no denominator, percent withheld"
_20250227163727_viewcapture19.png,PR,0.4587,absent,7.0,1.0,3.303661334263438,,False,,,,"counterstain absent: no denominator, percent withheld"
_20250227163727_viewcapture20.png,PR,0.4959,absent,19.0,9.0,25.43942515787422,,False,,,,"counterstain absent: no denominator, percent withheld"
_20250227163739_viewcapture14.png,PR,0.404,absent,0.0,0.0,0.0,,False,,,,"counterstain absent: no denominator, percent withheld"
_20250227163805_viewcapture10.png,PR,0.2609,absent,17.0,2.0,20.423719543856265,,False,,,,"counterstain absent: no denominator, percent withheld"
_20250227163805_viewcapture11.png,PR,0.2609,absent,8.0,7.0,71.48301840349693,,False,,,,"counterstain absent: no denominator, percent withheld"
_20250227163805_viewcapture12.png,PR,0.381,absent,117.0,64.0,306.4665104536979,,False,,,,"counterstain absent: no denominator, percent withheld"
_20250227163805_viewcapture13.png,PR,0.3361,absent,100.0,64.0,393.8183513373004,,False,,,,"counterstain absent: no denominator, percent withheld"
_20250227163805_viewcapture14.png,PR,0.3,absent,78.0,40.0,308.9373966942308,,False,,,,"counterstain absent: no denominator, percent withheld"
_20250227163805_viewcapture3.png,PR,1.0989,absent,80.0,39.0,22.449220255686782,,False,,,,"counterstain absent: no denominator, percent withheld"
_20250227163805_viewcapture5.png,PR,0.3093,absent,53.0,34.0,247.04272987446973,,False,,,,"counterstain absent: no denominator, percent withheld"
_20250227163805_viewcapture6.png,PR,1.0638,absent,118.0,63.0,38.69666860027484,,False,,,,"counterstain absent: no denominator, percent withheld"
_20250227163805_viewcapture8.png,PR,0.2609,absent,36.0,21.0,214.4490552104908,,False,,,,"counterstain absent: no denominator, percent withheld"
_20250227163805_viewcapture9.png,PR,0.2609,absent,69.0,48.0,490.1692690525504,,False,,,,"counterstain absent: no denominator, percent withheld"
_20250227173740_viewcapture.png,PR,0.2609,absent,20.0,11.0,112.33045749120946,,False,,,,"counterstain absent: no denominator, percent withheld"
_20250227173740_viewcapture1.png,PR,0.2609,absent,1.0,0.0,0.0,,False,,,,"counterstain absent: no denominator, percent withheld"
